--------------------------------------------------------
-- Archivo creado  - miércoles-agosto-05-2020   
--------------------------------------------------------
--------------------------------------------------------
--  DDL for Sequence ACCIDENTE_SEQ
--------------------------------------------------------

   CREATE SEQUENCE  "TESTSEC"."ACCIDENTE_SEQ"  MINVALUE 1 MAXVALUE 9999999999999999999999999999 INCREMENT BY 1 START WITH 1 CACHE 20 NOORDER  NOCYCLE  NOKEEP  NOSCALE  GLOBAL ;
--------------------------------------------------------
--  DDL for Sequence ACCIDENTE_SEQ1
--------------------------------------------------------

   CREATE SEQUENCE  "TESTSEC"."ACCIDENTE_SEQ1"  MINVALUE 1 MAXVALUE 9999999999999999999999999999 INCREMENT BY 1 START WITH 21 CACHE 20 NOORDER  NOCYCLE  NOKEEP  NOSCALE  GLOBAL ;
--------------------------------------------------------
--  DDL for Sequence ACTIVIDAD_DE_MEJORA_SEQ
--------------------------------------------------------

   CREATE SEQUENCE  "TESTSEC"."ACTIVIDAD_DE_MEJORA_SEQ"  MINVALUE 1 MAXVALUE 9999999999999999999999999999 INCREMENT BY 1 START WITH 1 CACHE 20 NOORDER  NOCYCLE  NOKEEP  NOSCALE  GLOBAL ;
--------------------------------------------------------
--  DDL for Sequence ACTIVIDAD_DE_MEJORA_SEQ1
--------------------------------------------------------

   CREATE SEQUENCE  "TESTSEC"."ACTIVIDAD_DE_MEJORA_SEQ1"  MINVALUE 1 MAXVALUE 9999999999999999999999999999 INCREMENT BY 1 START WITH 21 CACHE 20 NOORDER  NOCYCLE  NOKEEP  NOSCALE  GLOBAL ;
--------------------------------------------------------
--  DDL for Sequence ASESORIA_SEQ
--------------------------------------------------------

   CREATE SEQUENCE  "TESTSEC"."ASESORIA_SEQ"  MINVALUE 1 MAXVALUE 9999999999999999999999999999 INCREMENT BY 1 START WITH 1 CACHE 20 NOORDER  NOCYCLE  NOKEEP  NOSCALE  GLOBAL ;
--------------------------------------------------------
--  DDL for Sequence ASESORIA_SEQ1
--------------------------------------------------------

   CREATE SEQUENCE  "TESTSEC"."ASESORIA_SEQ1"  MINVALUE 1 MAXVALUE 9999999999999999999999999999 INCREMENT BY 1 START WITH 21 CACHE 20 NOORDER  NOCYCLE  NOKEEP  NOSCALE  GLOBAL ;
--------------------------------------------------------
--  DDL for Sequence CAPACITACION_SEQ
--------------------------------------------------------

   CREATE SEQUENCE  "TESTSEC"."CAPACITACION_SEQ"  MINVALUE 1 MAXVALUE 9999999999999999999999999999 INCREMENT BY 1 START WITH 1 CACHE 20 NOORDER  NOCYCLE  NOKEEP  NOSCALE  GLOBAL ;
--------------------------------------------------------
--  DDL for Sequence CAPACITACION_SEQ1
--------------------------------------------------------

   CREATE SEQUENCE  "TESTSEC"."CAPACITACION_SEQ1"  MINVALUE 1 MAXVALUE 9999999999999999999999999999 INCREMENT BY 1 START WITH 21 CACHE 20 NOORDER  NOCYCLE  NOKEEP  NOSCALE  GLOBAL ;
--------------------------------------------------------
--  DDL for Sequence CHECKLIST_SEQ
--------------------------------------------------------

   CREATE SEQUENCE  "TESTSEC"."CHECKLIST_SEQ"  MINVALUE 1 MAXVALUE 9999999999999999999999999999 INCREMENT BY 1 START WITH 1 CACHE 20 NOORDER  NOCYCLE  NOKEEP  NOSCALE  GLOBAL ;
--------------------------------------------------------
--  DDL for Sequence CHECKLIST_SEQ1
--------------------------------------------------------

   CREATE SEQUENCE  "TESTSEC"."CHECKLIST_SEQ1"  MINVALUE 1 MAXVALUE 9999999999999999999999999999 INCREMENT BY 1 START WITH 21 CACHE 20 NOORDER  NOCYCLE  NOKEEP  NOSCALE  GLOBAL ;
--------------------------------------------------------
--  DDL for Sequence CLIENTE_SEQ
--------------------------------------------------------

   CREATE SEQUENCE  "TESTSEC"."CLIENTE_SEQ"  MINVALUE 1 MAXVALUE 9999999999999999999999999999 INCREMENT BY 1 START WITH 1 CACHE 20 NOORDER  NOCYCLE  NOKEEP  NOSCALE  GLOBAL ;
--------------------------------------------------------
--  DDL for Sequence CLIENTE_SEQ1
--------------------------------------------------------

   CREATE SEQUENCE  "TESTSEC"."CLIENTE_SEQ1"  MINVALUE 1 MAXVALUE 9999999999999999999999999999 INCREMENT BY 1 START WITH 1 CACHE 20 NOORDER  NOCYCLE  NOKEEP  NOSCALE  GLOBAL ;
--------------------------------------------------------
--  DDL for Sequence COBRO_SEQ
--------------------------------------------------------

   CREATE SEQUENCE  "TESTSEC"."COBRO_SEQ"  MINVALUE 1 MAXVALUE 9999999999999999999999999999 INCREMENT BY 1 START WITH 1 CACHE 20 NOORDER  NOCYCLE  NOKEEP  NOSCALE  GLOBAL ;
--------------------------------------------------------
--  DDL for Sequence COBRO_SEQ1
--------------------------------------------------------

   CREATE SEQUENCE  "TESTSEC"."COBRO_SEQ1"  MINVALUE 1 MAXVALUE 9999999999999999999999999999 INCREMENT BY 1 START WITH 21 CACHE 20 NOORDER  NOCYCLE  NOKEEP  NOSCALE  GLOBAL ;
--------------------------------------------------------
--  DDL for Sequence ESTADO_SEQ
--------------------------------------------------------

   CREATE SEQUENCE  "TESTSEC"."ESTADO_SEQ"  MINVALUE 1 MAXVALUE 9999999999999999999999999999 INCREMENT BY 1 START WITH 1 CACHE 20 NOORDER  NOCYCLE  NOKEEP  NOSCALE  GLOBAL ;
--------------------------------------------------------
--  DDL for Sequence ESTADO_SEQ1
--------------------------------------------------------

   CREATE SEQUENCE  "TESTSEC"."ESTADO_SEQ1"  MINVALUE 1 MAXVALUE 9999999999999999999999999999 INCREMENT BY 1 START WITH 21 CACHE 20 NOORDER  NOCYCLE  NOKEEP  NOSCALE  GLOBAL ;
--------------------------------------------------------
--  DDL for Sequence LOGUSUARIO_SEQ
--------------------------------------------------------

   CREATE SEQUENCE  "TESTSEC"."LOGUSUARIO_SEQ"  MINVALUE 1 MAXVALUE 9999999999999999999999999999 INCREMENT BY 1 START WITH 1 CACHE 20 NOORDER  NOCYCLE  NOKEEP  NOSCALE  GLOBAL ;
--------------------------------------------------------
--  DDL for Sequence LOGUSUARIO_SEQ1
--------------------------------------------------------

   CREATE SEQUENCE  "TESTSEC"."LOGUSUARIO_SEQ1"  MINVALUE 1 MAXVALUE 9999999999999999999999999999 INCREMENT BY 1 START WITH 1 CACHE 20 NOORDER  NOCYCLE  NOKEEP  NOSCALE  GLOBAL ;
--------------------------------------------------------
--  DDL for Sequence PROFESIONAL_SEQ
--------------------------------------------------------

   CREATE SEQUENCE  "TESTSEC"."PROFESIONAL_SEQ"  MINVALUE 1 MAXVALUE 9999999999999999999999999999 INCREMENT BY 1 START WITH 1 CACHE 20 NOORDER  NOCYCLE  NOKEEP  NOSCALE  GLOBAL ;
--------------------------------------------------------
--  DDL for Sequence PROFESIONAL_SEQ1
--------------------------------------------------------

   CREATE SEQUENCE  "TESTSEC"."PROFESIONAL_SEQ1"  MINVALUE 1 MAXVALUE 9999999999999999999999999999 INCREMENT BY 1 START WITH 1 CACHE 20 NOORDER  NOCYCLE  NOKEEP  NOSCALE  GLOBAL ;
--------------------------------------------------------
--  DDL for Sequence TAREA_SEQ
--------------------------------------------------------

   CREATE SEQUENCE  "TESTSEC"."TAREA_SEQ"  MINVALUE 1 MAXVALUE 9999999999999999999999999999 INCREMENT BY 1 START WITH 1 CACHE 20 NOORDER  NOCYCLE  NOKEEP  NOSCALE  GLOBAL ;
--------------------------------------------------------
--  DDL for Sequence TAREA_SEQ1
--------------------------------------------------------

   CREATE SEQUENCE  "TESTSEC"."TAREA_SEQ1"  MINVALUE 1 MAXVALUE 9999999999999999999999999999 INCREMENT BY 1 START WITH 21 CACHE 20 NOORDER  NOCYCLE  NOKEEP  NOSCALE  GLOBAL ;
--------------------------------------------------------
--  DDL for Sequence USUARIO_SEQ
--------------------------------------------------------

   CREATE SEQUENCE  "TESTSEC"."USUARIO_SEQ"  MINVALUE 1 MAXVALUE 9999999999999999999999999999 INCREMENT BY 1 START WITH 21 CACHE 20 NOORDER  NOCYCLE  NOKEEP  NOSCALE  GLOBAL ;
--------------------------------------------------------
--  DDL for Sequence VISITA_SEQ
--------------------------------------------------------

   CREATE SEQUENCE  "TESTSEC"."VISITA_SEQ"  MINVALUE 1 MAXVALUE 9999999999999999999999999999 INCREMENT BY 1 START WITH 1 CACHE 20 NOORDER  NOCYCLE  NOKEEP  NOSCALE  GLOBAL ;
--------------------------------------------------------
--  DDL for Sequence VISITA_SEQ1
--------------------------------------------------------

   CREATE SEQUENCE  "TESTSEC"."VISITA_SEQ1"  MINVALUE 1 MAXVALUE 9999999999999999999999999999 INCREMENT BY 1 START WITH 21 CACHE 20 NOORDER  NOCYCLE  NOKEEP  NOSCALE  GLOBAL ;
--------------------------------------------------------
--  DDL for Table ACCIDENTE
--------------------------------------------------------

  CREATE TABLE "TESTSEC"."ACCIDENTE" 
   (	"ID_ACCIDENTE" NUMBER(*,0), 
	"ID_CLIENTE" NUMBER(*,0), 
	"FECHA_ACCIDENTE" DATE, 
	"INVOLUCRADO" VARCHAR2(30 BYTE), 
	"LUGAR" VARCHAR2(40 BYTE), 
	"ACTIVIDAD" VARCHAR2(50 BYTE), 
	"DESCRIPCION" VARCHAR2(1000 BYTE)
   ) SEGMENT CREATION IMMEDIATE 
  PCTFREE 10 PCTUSED 40 INITRANS 1 MAXTRANS 255 
 NOCOMPRESS LOGGING
  STORAGE(INITIAL 65536 NEXT 1048576 MINEXTENTS 1 MAXEXTENTS 2147483645
  PCTINCREASE 0 FREELISTS 1 FREELIST GROUPS 1
  BUFFER_POOL DEFAULT FLASH_CACHE DEFAULT CELL_FLASH_CACHE DEFAULT)
  TABLESPACE "USERS" ;
--------------------------------------------------------
--  DDL for Table ACTIVIDAD_DE_MEJORA
--------------------------------------------------------

  CREATE TABLE "TESTSEC"."ACTIVIDAD_DE_MEJORA" 
   (	"ID_ACTIVIDAD" NUMBER(*,0), 
	"ID_ASESORIA" NUMBER(*,0), 
	"REALIZADO" NUMBER(*,0), 
	"DETALLE_ACTIVIDAD" VARCHAR2(1009 BYTE)
   ) SEGMENT CREATION IMMEDIATE 
  PCTFREE 10 PCTUSED 40 INITRANS 1 MAXTRANS 255 
 NOCOMPRESS LOGGING
  STORAGE(INITIAL 65536 NEXT 1048576 MINEXTENTS 1 MAXEXTENTS 2147483645
  PCTINCREASE 0 FREELISTS 1 FREELIST GROUPS 1
  BUFFER_POOL DEFAULT FLASH_CACHE DEFAULT CELL_FLASH_CACHE DEFAULT)
  TABLESPACE "USERS" ;
--------------------------------------------------------
--  DDL for Table ASESORIA
--------------------------------------------------------

  CREATE TABLE "TESTSEC"."ASESORIA" 
   (	"ID_ASESORIA" NUMBER(*,0), 
	"ID_CLIENTE" NUMBER(*,0), 
	"ID_PROFESIONAL" NUMBER(*,0), 
	"FECHA_SOLICITUD" DATE, 
	"ESTADO_ASESORIA" NUMBER(*,0), 
	"DETALLE_SOLICITUD" VARCHAR2(1000 BYTE)
   ) SEGMENT CREATION IMMEDIATE 
  PCTFREE 10 PCTUSED 40 INITRANS 1 MAXTRANS 255 
 NOCOMPRESS LOGGING
  STORAGE(INITIAL 65536 NEXT 1048576 MINEXTENTS 1 MAXEXTENTS 2147483645
  PCTINCREASE 0 FREELISTS 1 FREELIST GROUPS 1
  BUFFER_POOL DEFAULT FLASH_CACHE DEFAULT CELL_FLASH_CACHE DEFAULT)
  TABLESPACE "USERS" ;
--------------------------------------------------------
--  DDL for Table CAPACITACION
--------------------------------------------------------

  CREATE TABLE "TESTSEC"."CAPACITACION" 
   (	"ID_CAPACITACION" NUMBER(*,0), 
	"ID_ACTIVIDAD" NUMBER(*,0), 
	"PARTICIPANTES" NUMBER(*,0), 
	"TEMA" VARCHAR2(40 BYTE), 
	"FECHA_CAPACITACION" DATE
   ) SEGMENT CREATION IMMEDIATE 
  PCTFREE 10 PCTUSED 40 INITRANS 1 MAXTRANS 255 
 NOCOMPRESS LOGGING
  STORAGE(INITIAL 65536 NEXT 1048576 MINEXTENTS 1 MAXEXTENTS 2147483645
  PCTINCREASE 0 FREELISTS 1 FREELIST GROUPS 1
  BUFFER_POOL DEFAULT FLASH_CACHE DEFAULT CELL_FLASH_CACHE DEFAULT)
  TABLESPACE "USERS" ;
--------------------------------------------------------
--  DDL for Table CHECKLIST
--------------------------------------------------------

  CREATE TABLE "TESTSEC"."CHECKLIST" 
   (	"ID_CHECKLIST" NUMBER(*,0), 
	"ID_CLIENTE" NUMBER(*,0), 
	"FECHA_CREACION" DATE, 
	"FECHA_CAMBIO" DATE
   ) SEGMENT CREATION IMMEDIATE 
  PCTFREE 10 PCTUSED 40 INITRANS 1 MAXTRANS 255 
 NOCOMPRESS LOGGING
  STORAGE(INITIAL 65536 NEXT 1048576 MINEXTENTS 1 MAXEXTENTS 2147483645
  PCTINCREASE 0 FREELISTS 1 FREELIST GROUPS 1
  BUFFER_POOL DEFAULT FLASH_CACHE DEFAULT CELL_FLASH_CACHE DEFAULT)
  TABLESPACE "USERS" ;
--------------------------------------------------------
--  DDL for Table CLIENTE
--------------------------------------------------------

  CREATE TABLE "TESTSEC"."CLIENTE" 
   (	"ID_CLIENTE" NUMBER(*,0), 
	"RAZON_SOCIAL" VARCHAR2(100 BYTE), 
	"RUT_EMPRESA" NUMBER(*,0), 
	"GIRO" VARCHAR2(40 BYTE), 
	"DIRECCION" VARCHAR2(50 BYTE), 
	"FONO_CONTACTO" VARCHAR2(20 BYTE), 
	"REPRESENTANTE_LEGAL" VARCHAR2(30 BYTE), 
	"CONTACTO" VARCHAR2(30 BYTE), 
	"EMAIL_CONTACTO" VARCHAR2(30 BYTE)
   ) SEGMENT CREATION IMMEDIATE 
  PCTFREE 10 PCTUSED 40 INITRANS 1 MAXTRANS 255 
 NOCOMPRESS LOGGING
  STORAGE(INITIAL 65536 NEXT 1048576 MINEXTENTS 1 MAXEXTENTS 2147483645
  PCTINCREASE 0 FREELISTS 1 FREELIST GROUPS 1
  BUFFER_POOL DEFAULT FLASH_CACHE DEFAULT CELL_FLASH_CACHE DEFAULT)
  TABLESPACE "USERS" ;
--------------------------------------------------------
--  DDL for Table COBRO
--------------------------------------------------------

  CREATE TABLE "TESTSEC"."COBRO" 
   (	"ID_PAGO" NUMBER(*,0), 
	"ID_CLIENTE" NUMBER(*,0), 
	"N_FACTURA" NUMBER(*,0), 
	"FECHA_LIMITE" DATE, 
	"FECHA_DE_PAGO" DATE
   ) SEGMENT CREATION IMMEDIATE 
  PCTFREE 10 PCTUSED 40 INITRANS 1 MAXTRANS 255 
 NOCOMPRESS LOGGING
  STORAGE(INITIAL 65536 NEXT 1048576 MINEXTENTS 1 MAXEXTENTS 2147483645
  PCTINCREASE 0 FREELISTS 1 FREELIST GROUPS 1
  BUFFER_POOL DEFAULT FLASH_CACHE DEFAULT CELL_FLASH_CACHE DEFAULT)
  TABLESPACE "USERS" ;
--------------------------------------------------------
--  DDL for Table ESTADO
--------------------------------------------------------

  CREATE TABLE "TESTSEC"."ESTADO" 
   (	"ID_CHECKLIST" NUMBER(*,0), 
	"ID_TAREA" NUMBER(*,0), 
	"COMPLETADO" NUMBER(*,0)
   ) SEGMENT CREATION IMMEDIATE 
  PCTFREE 10 PCTUSED 40 INITRANS 1 MAXTRANS 255 
 NOCOMPRESS LOGGING
  STORAGE(INITIAL 65536 NEXT 1048576 MINEXTENTS 1 MAXEXTENTS 2147483645
  PCTINCREASE 0 FREELISTS 1 FREELIST GROUPS 1
  BUFFER_POOL DEFAULT FLASH_CACHE DEFAULT CELL_FLASH_CACHE DEFAULT)
  TABLESPACE "USERS" ;
--------------------------------------------------------
--  DDL for Table LOGUSUARIO
--------------------------------------------------------

  CREATE TABLE "TESTSEC"."LOGUSUARIO" 
   (	"ID_ASESORIA" NUMBER(*,0), 
	"ID_USUARIO" NUMBER(*,0), 
	"FECHA" DATE, 
	"TIEMPO" DATE
   ) SEGMENT CREATION DEFERRED 
  PCTFREE 10 PCTUSED 40 INITRANS 1 MAXTRANS 255 
 NOCOMPRESS LOGGING
  TABLESPACE "USERS" ;
--------------------------------------------------------
--  DDL for Table PROFESIONAL
--------------------------------------------------------

  CREATE TABLE "TESTSEC"."PROFESIONAL" 
   (	"ID_PROFESIONAL" NUMBER(*,0), 
	"NOMBRE_PROFESIONAL" VARCHAR2(30 BYTE), 
	"RUT_PROFESIONAL" NUMBER(*,0), 
	"TELEFONO_CORP" NUMBER(*,0), 
	"EMAIL_CORP" VARCHAR2(30 BYTE)
   ) SEGMENT CREATION IMMEDIATE 
  PCTFREE 10 PCTUSED 40 INITRANS 1 MAXTRANS 255 
 NOCOMPRESS LOGGING
  STORAGE(INITIAL 65536 NEXT 1048576 MINEXTENTS 1 MAXEXTENTS 2147483645
  PCTINCREASE 0 FREELISTS 1 FREELIST GROUPS 1
  BUFFER_POOL DEFAULT FLASH_CACHE DEFAULT CELL_FLASH_CACHE DEFAULT)
  TABLESPACE "USERS" ;
--------------------------------------------------------
--  DDL for Table TAREA
--------------------------------------------------------

  CREATE TABLE "TESTSEC"."TAREA" 
   (	"ID_TAREA" NUMBER(*,0), 
	"NOMBRE" VARCHAR2(50 BYTE), 
	"DETALLE_TAREA" VARCHAR2(500 BYTE)
   ) SEGMENT CREATION IMMEDIATE 
  PCTFREE 10 PCTUSED 40 INITRANS 1 MAXTRANS 255 
 NOCOMPRESS LOGGING
  STORAGE(INITIAL 65536 NEXT 1048576 MINEXTENTS 1 MAXEXTENTS 2147483645
  PCTINCREASE 0 FREELISTS 1 FREELIST GROUPS 1
  BUFFER_POOL DEFAULT FLASH_CACHE DEFAULT CELL_FLASH_CACHE DEFAULT)
  TABLESPACE "USERS" ;
--------------------------------------------------------
--  DDL for Table USUARIO
--------------------------------------------------------

  CREATE TABLE "TESTSEC"."USUARIO" 
   (	"ID_USUARIO" NUMBER(*,0), 
	"TIPO" VARCHAR2(25 BYTE), 
	"USUARIO" VARCHAR2(45 BYTE), 
	"PASSWORD" VARCHAR2(100 BYTE)
   ) SEGMENT CREATION IMMEDIATE 
  PCTFREE 10 PCTUSED 40 INITRANS 1 MAXTRANS 255 
 NOCOMPRESS LOGGING
  STORAGE(INITIAL 65536 NEXT 1048576 MINEXTENTS 1 MAXEXTENTS 2147483645
  PCTINCREASE 0 FREELISTS 1 FREELIST GROUPS 1
  BUFFER_POOL DEFAULT FLASH_CACHE DEFAULT CELL_FLASH_CACHE DEFAULT)
  TABLESPACE "USERS" ;
--------------------------------------------------------
--  DDL for Table VISITA
--------------------------------------------------------

  CREATE TABLE "TESTSEC"."VISITA" 
   (	"ID_VISITA" NUMBER(*,0), 
	"ID_ASESORIA" NUMBER(*,0), 
	"FECHA_VISITA" DATE, 
	"ESTADO" NUMBER(*,0)
   ) SEGMENT CREATION IMMEDIATE 
  PCTFREE 10 PCTUSED 40 INITRANS 1 MAXTRANS 255 
 NOCOMPRESS LOGGING
  STORAGE(INITIAL 65536 NEXT 1048576 MINEXTENTS 1 MAXEXTENTS 2147483645
  PCTINCREASE 0 FREELISTS 1 FREELIST GROUPS 1
  BUFFER_POOL DEFAULT FLASH_CACHE DEFAULT CELL_FLASH_CACHE DEFAULT)
  TABLESPACE "USERS" ;
REM INSERTING into TESTSEC.ACCIDENTE
SET DEFINE OFF;
Insert into TESTSEC.ACCIDENTE (ID_ACCIDENTE,ID_CLIENTE,FECHA_ACCIDENTE,INVOLUCRADO,LUGAR,ACTIVIDAD,DESCRIPCION) values ('7','1',to_date('01/08/20','DD/MM/RR'),'Mario Larenas','Obra','Cargando materiales','Caída y en consecuencia fractura del brazo.');
Insert into TESTSEC.ACCIDENTE (ID_ACCIDENTE,ID_CLIENTE,FECHA_ACCIDENTE,INVOLUCRADO,LUGAR,ACTIVIDAD,DESCRIPCION) values ('8','2',to_date('30/07/20','DD/MM/RR'),'Juan Gonzales','Trayecto','Viaje hacia el trabajo','Accidente automovilistico.');
Insert into TESTSEC.ACCIDENTE (ID_ACCIDENTE,ID_CLIENTE,FECHA_ACCIDENTE,INVOLUCRADO,LUGAR,ACTIVIDAD,DESCRIPCION) values ('9','3',to_date('03/08/20','DD/MM/RR'),'Cristobal Acuña','Casino','Almuerzo','Quemadura segundo grado por caída de la sopa.');
Insert into TESTSEC.ACCIDENTE (ID_ACCIDENTE,ID_CLIENTE,FECHA_ACCIDENTE,INVOLUCRADO,LUGAR,ACTIVIDAD,DESCRIPCION) values ('10','2',to_date('18/07/20','DD/MM/RR'),'Javier Muñoz','Obra','Manejaba retroexcavadora','Volcamiento de la retroexcabadora.El sujeto sale casi ileso.');
REM INSERTING into TESTSEC.ACTIVIDAD_DE_MEJORA
SET DEFINE OFF;
Insert into TESTSEC.ACTIVIDAD_DE_MEJORA (ID_ACTIVIDAD,ID_ASESORIA,REALIZADO,DETALLE_ACTIVIDAD) values ('2','2','1','Autoevaluación de riesgos críticos');
Insert into TESTSEC.ACTIVIDAD_DE_MEJORA (ID_ACTIVIDAD,ID_ASESORIA,REALIZADO,DETALLE_ACTIVIDAD) values ('1','1','1','Charla de seguridad');
Insert into TESTSEC.ACTIVIDAD_DE_MEJORA (ID_ACTIVIDAD,ID_ASESORIA,REALIZADO,DETALLE_ACTIVIDAD) values ('3','3','0','Evaluación del cumplimiento de los requisitos legales en materia de seguridad');
Insert into TESTSEC.ACTIVIDAD_DE_MEJORA (ID_ACTIVIDAD,ID_ASESORIA,REALIZADO,DETALLE_ACTIVIDAD) values ('4','4','1','Charla de seguridad');
Insert into TESTSEC.ACTIVIDAD_DE_MEJORA (ID_ACTIVIDAD,ID_ASESORIA,REALIZADO,DETALLE_ACTIVIDAD) values ('5','5','0','Autoevaluación de riesgos críticos');
Insert into TESTSEC.ACTIVIDAD_DE_MEJORA (ID_ACTIVIDAD,ID_ASESORIA,REALIZADO,DETALLE_ACTIVIDAD) values ('6','6','0','Charla de seguridad');
REM INSERTING into TESTSEC.ASESORIA
SET DEFINE OFF;
Insert into TESTSEC.ASESORIA (ID_ASESORIA,ID_CLIENTE,ID_PROFESIONAL,FECHA_SOLICITUD,ESTADO_ASESORIA,DETALLE_SOLICITUD) values ('1','1','1',to_date('05/03/20','DD/MM/RR'),'1','Asesoría sobre seguridad en transporte');
Insert into TESTSEC.ASESORIA (ID_ASESORIA,ID_CLIENTE,ID_PROFESIONAL,FECHA_SOLICITUD,ESTADO_ASESORIA,DETALLE_SOLICITUD) values ('2','2','2',to_date('03/04/20','DD/MM/RR'),'1','Asesoría sobre seguridad en operación de maquinaria');
Insert into TESTSEC.ASESORIA (ID_ASESORIA,ID_CLIENTE,ID_PROFESIONAL,FECHA_SOLICITUD,ESTADO_ASESORIA,DETALLE_SOLICITUD) values ('3','3','3',to_date('05/08/20','DD/MM/RR'),'0','Asesoría sobre seguridad en la oficina ');
Insert into TESTSEC.ASESORIA (ID_ASESORIA,ID_CLIENTE,ID_PROFESIONAL,FECHA_SOLICITUD,ESTADO_ASESORIA,DETALLE_SOLICITUD) values ('4','1','2',to_date('04/02/20','DD/MM/RR'),'1','Asesoría sobre tránsito en casino');
Insert into TESTSEC.ASESORIA (ID_ASESORIA,ID_CLIENTE,ID_PROFESIONAL,FECHA_SOLICITUD,ESTADO_ASESORIA,DETALLE_SOLICITUD) values ('5','2','1',to_date('21/04/20','DD/MM/RR'),'1','Asesoría sobre uso de extintores');
Insert into TESTSEC.ASESORIA (ID_ASESORIA,ID_CLIENTE,ID_PROFESIONAL,FECHA_SOLICITUD,ESTADO_ASESORIA,DETALLE_SOLICITUD) values ('6','3','3',to_date('09/02/20','DD/MM/RR'),'1','Asesoría sobre uso de computadores y postura');
REM INSERTING into TESTSEC.CAPACITACION
SET DEFINE OFF;
Insert into TESTSEC.CAPACITACION (ID_CAPACITACION,ID_ACTIVIDAD,PARTICIPANTES,TEMA,FECHA_CAPACITACION) values ('3','3','34','Manejo seguro de maquinarias',to_date('10/06/20','DD/MM/RR'));
Insert into TESTSEC.CAPACITACION (ID_CAPACITACION,ID_ACTIVIDAD,PARTICIPANTES,TEMA,FECHA_CAPACITACION) values ('1','1','36','Seguridad eléctrica',to_date('06/06/20','DD/MM/RR'));
Insert into TESTSEC.CAPACITACION (ID_CAPACITACION,ID_ACTIVIDAD,PARTICIPANTES,TEMA,FECHA_CAPACITACION) values ('2','2','28','Primeros auxilios',to_date('12/05/20','DD/MM/RR'));
Insert into TESTSEC.CAPACITACION (ID_CAPACITACION,ID_ACTIVIDAD,PARTICIPANTES,TEMA,FECHA_CAPACITACION) values ('4','4','22','Seguridad en trabajos en altura',to_date('05/05/20','DD/MM/RR'));
Insert into TESTSEC.CAPACITACION (ID_CAPACITACION,ID_ACTIVIDAD,PARTICIPANTES,TEMA,FECHA_CAPACITACION) values ('5','5','18','Prevención y control de incendios',to_date('12/07/20','DD/MM/RR'));
Insert into TESTSEC.CAPACITACION (ID_CAPACITACION,ID_ACTIVIDAD,PARTICIPANTES,TEMA,FECHA_CAPACITACION) values ('6','6','26','Seguridad en el manejo de maquinaria',to_date('22/06/20','DD/MM/RR'));
REM INSERTING into TESTSEC.CHECKLIST
SET DEFINE OFF;
Insert into TESTSEC.CHECKLIST (ID_CHECKLIST,ID_CLIENTE,FECHA_CREACION,FECHA_CAMBIO) values ('1','1',to_date('04/06/20','DD/MM/RR'),null);
Insert into TESTSEC.CHECKLIST (ID_CHECKLIST,ID_CLIENTE,FECHA_CREACION,FECHA_CAMBIO) values ('2','2',to_date('10/06/20','DD/MM/RR'),null);
Insert into TESTSEC.CHECKLIST (ID_CHECKLIST,ID_CLIENTE,FECHA_CREACION,FECHA_CAMBIO) values ('3','3',to_date('03/05/20','DD/MM/RR'),to_date('14/06/20','DD/MM/RR'));
REM INSERTING into TESTSEC.CLIENTE
SET DEFINE OFF;
Insert into TESTSEC.CLIENTE (ID_CLIENTE,RAZON_SOCIAL,RUT_EMPRESA,GIRO,DIRECCION,FONO_CONTACTO,REPRESENTANTE_LEGAL,CONTACTO,EMAIL_CONTACTO) values ('2','Esteban','17046521','Servicios','Gabriela Mistral, Losa','765749812','Esteban Salas','Dani','dani@gmail.net');
Insert into TESTSEC.CLIENTE (ID_CLIENTE,RAZON_SOCIAL,RUT_EMPRESA,GIRO,DIRECCION,FONO_CONTACTO,REPRESENTANTE_LEGAL,CONTACTO,EMAIL_CONTACTO) values ('1','Mario','15186064','servicios','san peter','2235235','Mario Larenas','Esteban fido Dido','ban@dido.cl');
Insert into TESTSEC.CLIENTE (ID_CLIENTE,RAZON_SOCIAL,RUT_EMPRESA,GIRO,DIRECCION,FONO_CONTACTO,REPRESENTANTE_LEGAL,CONTACTO,EMAIL_CONTACTO) values ('3','Pamela Machine','19814572','Machine','concep','683679729','Pamela M','Mariol','mario@pamela.machine');
REM INSERTING into TESTSEC.COBRO
SET DEFINE OFF;
Insert into TESTSEC.COBRO (ID_PAGO,ID_CLIENTE,N_FACTURA,FECHA_LIMITE,FECHA_DE_PAGO) values ('1','1','136423190',to_date('22/06/20','DD/MM/RR'),to_date('21/06/20','DD/MM/RR'));
Insert into TESTSEC.COBRO (ID_PAGO,ID_CLIENTE,N_FACTURA,FECHA_LIMITE,FECHA_DE_PAGO) values ('2','2','256918572',to_date('22/07/20','DD/MM/RR'),to_date('25/07/20','DD/MM/RR'));
Insert into TESTSEC.COBRO (ID_PAGO,ID_CLIENTE,N_FACTURA,FECHA_LIMITE,FECHA_DE_PAGO) values ('3','3','146582847',to_date('22/05/20','DD/MM/RR'),to_date('21/05/20','DD/MM/RR'));
Insert into TESTSEC.COBRO (ID_PAGO,ID_CLIENTE,N_FACTURA,FECHA_LIMITE,FECHA_DE_PAGO) values ('4','1','156783455',to_date('16/07/20','DD/MM/RR'),null);
Insert into TESTSEC.COBRO (ID_PAGO,ID_CLIENTE,N_FACTURA,FECHA_LIMITE,FECHA_DE_PAGO) values ('5','2','243458873',to_date('18/07/20','DD/MM/RR'),to_date('03/07/20','DD/MM/RR'));
Insert into TESTSEC.COBRO (ID_PAGO,ID_CLIENTE,N_FACTURA,FECHA_LIMITE,FECHA_DE_PAGO) values ('6','3','255784964',to_date('06/07/20','DD/MM/RR'),to_date('12/07/20','DD/MM/RR'));
Insert into TESTSEC.COBRO (ID_PAGO,ID_CLIENTE,N_FACTURA,FECHA_LIMITE,FECHA_DE_PAGO) values ('7','1','134487663',to_date('12/07/20','DD/MM/RR'),to_date('20/07/20','DD/MM/RR'));
REM INSERTING into TESTSEC.ESTADO
SET DEFINE OFF;
Insert into TESTSEC.ESTADO (ID_CHECKLIST,ID_TAREA,COMPLETADO) values ('1','1','1');
Insert into TESTSEC.ESTADO (ID_CHECKLIST,ID_TAREA,COMPLETADO) values ('2','2','1');
Insert into TESTSEC.ESTADO (ID_CHECKLIST,ID_TAREA,COMPLETADO) values ('3','5','0');
Insert into TESTSEC.ESTADO (ID_CHECKLIST,ID_TAREA,COMPLETADO) values ('1','3','0');
Insert into TESTSEC.ESTADO (ID_CHECKLIST,ID_TAREA,COMPLETADO) values ('2','4','1');
REM INSERTING into TESTSEC.LOGUSUARIO
SET DEFINE OFF;
REM INSERTING into TESTSEC.PROFESIONAL
SET DEFINE OFF;
Insert into TESTSEC.PROFESIONAL (ID_PROFESIONAL,NOMBRE_PROFESIONAL,RUT_PROFESIONAL,TELEFONO_CORP,EMAIL_CORP) values ('1','Jaime Profesional','17870316','92837689','Jaime@elpro.recoders');
Insert into TESTSEC.PROFESIONAL (ID_PROFESIONAL,NOMBRE_PROFESIONAL,RUT_PROFESIONAL,TELEFONO_CORP,EMAIL_CORP) values ('2','Claudio T','18404190','5555','claudio@dios.jaime');
Insert into TESTSEC.PROFESIONAL (ID_PROFESIONAL,NOMBRE_PROFESIONAL,RUT_PROFESIONAL,TELEFONO_CORP,EMAIL_CORP) values ('3','Daniela','18402902','77367887','dani@blabla.cl');
REM INSERTING into TESTSEC.TAREA
SET DEFINE OFF;
Insert into TESTSEC.TAREA (ID_TAREA,NOMBRE,DETALLE_TAREA) values ('1','Rellenar extintores',null);
Insert into TESTSEC.TAREA (ID_TAREA,NOMBRE,DETALLE_TAREA) values ('2','Revisar instalaciones eléctricas',null);
Insert into TESTSEC.TAREA (ID_TAREA,NOMBRE,DETALLE_TAREA) values ('3','Evaluar estado de la maquinaria',null);
Insert into TESTSEC.TAREA (ID_TAREA,NOMBRE,DETALLE_TAREA) values ('4','Evaluar el plan de evacuación',null);
Insert into TESTSEC.TAREA (ID_TAREA,NOMBRE,DETALLE_TAREA) values ('5','Implementación de equipos de protección',null);
REM INSERTING into TESTSEC.USUARIO
SET DEFINE OFF;
Insert into TESTSEC.USUARIO (ID_USUARIO,TIPO,USUARIO,PASSWORD) values ('1','administrador','17214085','$2a$10$zM6Sc5V98yjjUBxyfzPPVeBpgWmLNv/VUMKbYudNYFW5EinxoOgau');
Insert into TESTSEC.USUARIO (ID_USUARIO,TIPO,USUARIO,PASSWORD) values ('2','profesional','17870316','$2a$10$QJ.rePFDgdjOXKxdMTy08Ogk4BSlLS1fu68.bJ9hViIsSRKOQwpY.');
Insert into TESTSEC.USUARIO (ID_USUARIO,TIPO,USUARIO,PASSWORD) values ('3','profesional','18404190','$2a$10$IcrP.WHOnf4Z75QCjHnCT.7YWiiMRICTQKHGI3xmeFgZdsYviBkFe');
Insert into TESTSEC.USUARIO (ID_USUARIO,TIPO,USUARIO,PASSWORD) values ('4','profesional','18402902','$2a$10$XAW81.t0gRC0rHYJCsuhE.ePzLOto1TVAD/Js3f58l8QHZPrXxXO6');
Insert into TESTSEC.USUARIO (ID_USUARIO,TIPO,USUARIO,PASSWORD) values ('5','cliente','15186064','$2a$10$CQpakclrGTuELZzZnTJic.WiLXn.dfXA3XRgXvOy/98TNT5ahjOBq');
Insert into TESTSEC.USUARIO (ID_USUARIO,TIPO,USUARIO,PASSWORD) values ('6','cliente','19814572','$2a$10$AuX9nCmvMAcCPcWH0WK5D.XSL6dgB7RupNA.9Y0A0Iyy/XOF.3nqa');
Insert into TESTSEC.USUARIO (ID_USUARIO,TIPO,USUARIO,PASSWORD) values ('7','cliente','17046521','$2a$10$nF.snzpZNKK1/SH5sgiz/uFDu/DflsOIlywKJeKIatI9hGBq2fRN6');
REM INSERTING into TESTSEC.VISITA
SET DEFINE OFF;
Insert into TESTSEC.VISITA (ID_VISITA,ID_ASESORIA,FECHA_VISITA,ESTADO) values ('1','1',to_date('10/03/20','DD/MM/RR'),'1');
Insert into TESTSEC.VISITA (ID_VISITA,ID_ASESORIA,FECHA_VISITA,ESTADO) values ('2','2',to_date('20/04/20','DD/MM/RR'),'1');
Insert into TESTSEC.VISITA (ID_VISITA,ID_ASESORIA,FECHA_VISITA,ESTADO) values ('3','3',to_date('10/06/20','DD/MM/RR'),'1');
Insert into TESTSEC.VISITA (ID_VISITA,ID_ASESORIA,FECHA_VISITA,ESTADO) values ('4','4',to_date('22/09/20','DD/MM/RR'),'0');
Insert into TESTSEC.VISITA (ID_VISITA,ID_ASESORIA,FECHA_VISITA,ESTADO) values ('5','5',to_date('10/10/20','DD/MM/RR'),'0');
Insert into TESTSEC.VISITA (ID_VISITA,ID_ASESORIA,FECHA_VISITA,ESTADO) values ('6','6',to_date('05/06/20','DD/MM/RR'),'1');
--------------------------------------------------------
--  DDL for Index COORDINA_FK
--------------------------------------------------------

  CREATE INDEX "TESTSEC"."COORDINA_FK" ON "TESTSEC"."CAPACITACION" ("ID_ACTIVIDAD") 
  PCTFREE 10 INITRANS 2 MAXTRANS 255 COMPUTE STATISTICS 
  STORAGE(INITIAL 65536 NEXT 1048576 MINEXTENTS 1 MAXEXTENTS 2147483645
  PCTINCREASE 0 FREELISTS 1 FREELIST GROUPS 1
  BUFFER_POOL DEFAULT FLASH_CACHE DEFAULT CELL_FLASH_CACHE DEFAULT)
  TABLESPACE "USERS" ;
--------------------------------------------------------
--  DDL for Index CREA_FK
--------------------------------------------------------

  CREATE INDEX "TESTSEC"."CREA_FK" ON "TESTSEC"."ASESORIA" ("ID_PROFESIONAL") 
  PCTFREE 10 INITRANS 2 MAXTRANS 255 COMPUTE STATISTICS 
  STORAGE(INITIAL 65536 NEXT 1048576 MINEXTENTS 1 MAXEXTENTS 2147483645
  PCTINCREASE 0 FREELISTS 1 FREELIST GROUPS 1
  BUFFER_POOL DEFAULT FLASH_CACHE DEFAULT CELL_FLASH_CACHE DEFAULT)
  TABLESPACE "USERS" ;
--------------------------------------------------------
--  DDL for Index DEPENDEN_FK
--------------------------------------------------------

  CREATE INDEX "TESTSEC"."DEPENDEN_FK" ON "TESTSEC"."ACTIVIDAD_DE_MEJORA" ("ID_ASESORIA") 
  PCTFREE 10 INITRANS 2 MAXTRANS 255 COMPUTE STATISTICS 
  STORAGE(INITIAL 65536 NEXT 1048576 MINEXTENTS 1 MAXEXTENTS 2147483645
  PCTINCREASE 0 FREELISTS 1 FREELIST GROUPS 1
  BUFFER_POOL DEFAULT FLASH_CACHE DEFAULT CELL_FLASH_CACHE DEFAULT)
  TABLESPACE "USERS" ;
--------------------------------------------------------
--  DDL for Index EFECTUA_FK
--------------------------------------------------------

  CREATE INDEX "TESTSEC"."EFECTUA_FK" ON "TESTSEC"."COBRO" ("ID_CLIENTE") 
  PCTFREE 10 INITRANS 2 MAXTRANS 255 COMPUTE STATISTICS 
  STORAGE(INITIAL 65536 NEXT 1048576 MINEXTENTS 1 MAXEXTENTS 2147483645
  PCTINCREASE 0 FREELISTS 1 FREELIST GROUPS 1
  BUFFER_POOL DEFAULT FLASH_CACHE DEFAULT CELL_FLASH_CACHE DEFAULT)
  TABLESPACE "USERS" ;
--------------------------------------------------------
--  DDL for Index ESTADO_FK
--------------------------------------------------------

  CREATE INDEX "TESTSEC"."ESTADO_FK" ON "TESTSEC"."ESTADO" ("ID_CHECKLIST") 
  PCTFREE 10 INITRANS 2 MAXTRANS 255 COMPUTE STATISTICS 
  STORAGE(INITIAL 65536 NEXT 1048576 MINEXTENTS 1 MAXEXTENTS 2147483645
  PCTINCREASE 0 FREELISTS 1 FREELIST GROUPS 1
  BUFFER_POOL DEFAULT FLASH_CACHE DEFAULT CELL_FLASH_CACHE DEFAULT)
  TABLESPACE "USERS" ;
--------------------------------------------------------
--  DDL for Index ESTADO2_FK
--------------------------------------------------------

  CREATE INDEX "TESTSEC"."ESTADO2_FK" ON "TESTSEC"."ESTADO" ("ID_TAREA") 
  PCTFREE 10 INITRANS 2 MAXTRANS 255 COMPUTE STATISTICS 
  STORAGE(INITIAL 65536 NEXT 1048576 MINEXTENTS 1 MAXEXTENTS 2147483645
  PCTINCREASE 0 FREELISTS 1 FREELIST GROUPS 1
  BUFFER_POOL DEFAULT FLASH_CACHE DEFAULT CELL_FLASH_CACHE DEFAULT)
  TABLESPACE "USERS" ;
--------------------------------------------------------
--  DDL for Index LOGUSUARIO_FK
--------------------------------------------------------

  CREATE INDEX "TESTSEC"."LOGUSUARIO_FK" ON "TESTSEC"."LOGUSUARIO" ("ID_ASESORIA") 
  PCTFREE 10 INITRANS 2 MAXTRANS 255 COMPUTE STATISTICS 
  TABLESPACE "USERS" ;
--------------------------------------------------------
--  DDL for Index LOGUSUARIO2_FK
--------------------------------------------------------

  CREATE INDEX "TESTSEC"."LOGUSUARIO2_FK" ON "TESTSEC"."LOGUSUARIO" ("ID_USUARIO") 
  PCTFREE 10 INITRANS 2 MAXTRANS 255 COMPUTE STATISTICS 
  TABLESPACE "USERS" ;
--------------------------------------------------------
--  DDL for Index PK_ACCIDENTE
--------------------------------------------------------

  CREATE UNIQUE INDEX "TESTSEC"."PK_ACCIDENTE" ON "TESTSEC"."ACCIDENTE" ("ID_ACCIDENTE") 
  PCTFREE 10 INITRANS 2 MAXTRANS 255 COMPUTE STATISTICS 
  STORAGE(INITIAL 65536 NEXT 1048576 MINEXTENTS 1 MAXEXTENTS 2147483645
  PCTINCREASE 0 FREELISTS 1 FREELIST GROUPS 1
  BUFFER_POOL DEFAULT FLASH_CACHE DEFAULT CELL_FLASH_CACHE DEFAULT)
  TABLESPACE "USERS" ;
--------------------------------------------------------
--  DDL for Index PK_ACTIVIDAD_DE_MEJORA
--------------------------------------------------------

  CREATE UNIQUE INDEX "TESTSEC"."PK_ACTIVIDAD_DE_MEJORA" ON "TESTSEC"."ACTIVIDAD_DE_MEJORA" ("ID_ACTIVIDAD") 
  PCTFREE 10 INITRANS 2 MAXTRANS 255 COMPUTE STATISTICS 
  STORAGE(INITIAL 65536 NEXT 1048576 MINEXTENTS 1 MAXEXTENTS 2147483645
  PCTINCREASE 0 FREELISTS 1 FREELIST GROUPS 1
  BUFFER_POOL DEFAULT FLASH_CACHE DEFAULT CELL_FLASH_CACHE DEFAULT)
  TABLESPACE "USERS" ;
--------------------------------------------------------
--  DDL for Index PK_ASESORIA
--------------------------------------------------------

  CREATE UNIQUE INDEX "TESTSEC"."PK_ASESORIA" ON "TESTSEC"."ASESORIA" ("ID_ASESORIA") 
  PCTFREE 10 INITRANS 2 MAXTRANS 255 COMPUTE STATISTICS 
  STORAGE(INITIAL 65536 NEXT 1048576 MINEXTENTS 1 MAXEXTENTS 2147483645
  PCTINCREASE 0 FREELISTS 1 FREELIST GROUPS 1
  BUFFER_POOL DEFAULT FLASH_CACHE DEFAULT CELL_FLASH_CACHE DEFAULT)
  TABLESPACE "USERS" ;
--------------------------------------------------------
--  DDL for Index PK_CAPACITACION
--------------------------------------------------------

  CREATE UNIQUE INDEX "TESTSEC"."PK_CAPACITACION" ON "TESTSEC"."CAPACITACION" ("ID_CAPACITACION") 
  PCTFREE 10 INITRANS 2 MAXTRANS 255 COMPUTE STATISTICS 
  STORAGE(INITIAL 65536 NEXT 1048576 MINEXTENTS 1 MAXEXTENTS 2147483645
  PCTINCREASE 0 FREELISTS 1 FREELIST GROUPS 1
  BUFFER_POOL DEFAULT FLASH_CACHE DEFAULT CELL_FLASH_CACHE DEFAULT)
  TABLESPACE "USERS" ;
--------------------------------------------------------
--  DDL for Index PK_CHECKLIST
--------------------------------------------------------

  CREATE UNIQUE INDEX "TESTSEC"."PK_CHECKLIST" ON "TESTSEC"."CHECKLIST" ("ID_CHECKLIST") 
  PCTFREE 10 INITRANS 2 MAXTRANS 255 COMPUTE STATISTICS 
  STORAGE(INITIAL 65536 NEXT 1048576 MINEXTENTS 1 MAXEXTENTS 2147483645
  PCTINCREASE 0 FREELISTS 1 FREELIST GROUPS 1
  BUFFER_POOL DEFAULT FLASH_CACHE DEFAULT CELL_FLASH_CACHE DEFAULT)
  TABLESPACE "USERS" ;
--------------------------------------------------------
--  DDL for Index PK_CLIENTE
--------------------------------------------------------

  CREATE UNIQUE INDEX "TESTSEC"."PK_CLIENTE" ON "TESTSEC"."CLIENTE" ("ID_CLIENTE") 
  PCTFREE 10 INITRANS 2 MAXTRANS 255 COMPUTE STATISTICS 
  STORAGE(INITIAL 65536 NEXT 1048576 MINEXTENTS 1 MAXEXTENTS 2147483645
  PCTINCREASE 0 FREELISTS 1 FREELIST GROUPS 1
  BUFFER_POOL DEFAULT FLASH_CACHE DEFAULT CELL_FLASH_CACHE DEFAULT)
  TABLESPACE "USERS" ;
--------------------------------------------------------
--  DDL for Index PK_COBRO
--------------------------------------------------------

  CREATE UNIQUE INDEX "TESTSEC"."PK_COBRO" ON "TESTSEC"."COBRO" ("ID_PAGO") 
  PCTFREE 10 INITRANS 2 MAXTRANS 255 COMPUTE STATISTICS 
  STORAGE(INITIAL 65536 NEXT 1048576 MINEXTENTS 1 MAXEXTENTS 2147483645
  PCTINCREASE 0 FREELISTS 1 FREELIST GROUPS 1
  BUFFER_POOL DEFAULT FLASH_CACHE DEFAULT CELL_FLASH_CACHE DEFAULT)
  TABLESPACE "USERS" ;
--------------------------------------------------------
--  DDL for Index PK_ESTADO
--------------------------------------------------------

  CREATE UNIQUE INDEX "TESTSEC"."PK_ESTADO" ON "TESTSEC"."ESTADO" ("ID_CHECKLIST", "ID_TAREA") 
  PCTFREE 10 INITRANS 2 MAXTRANS 255 COMPUTE STATISTICS 
  STORAGE(INITIAL 65536 NEXT 1048576 MINEXTENTS 1 MAXEXTENTS 2147483645
  PCTINCREASE 0 FREELISTS 1 FREELIST GROUPS 1
  BUFFER_POOL DEFAULT FLASH_CACHE DEFAULT CELL_FLASH_CACHE DEFAULT)
  TABLESPACE "USERS" ;
--------------------------------------------------------
--  DDL for Index PK_LOGUSUARIO
--------------------------------------------------------

  CREATE UNIQUE INDEX "TESTSEC"."PK_LOGUSUARIO" ON "TESTSEC"."LOGUSUARIO" ("ID_ASESORIA", "ID_USUARIO") 
  PCTFREE 10 INITRANS 2 MAXTRANS 255 COMPUTE STATISTICS 
  TABLESPACE "USERS" ;
--------------------------------------------------------
--  DDL for Index PK_PROFESIONAL
--------------------------------------------------------

  CREATE UNIQUE INDEX "TESTSEC"."PK_PROFESIONAL" ON "TESTSEC"."PROFESIONAL" ("ID_PROFESIONAL") 
  PCTFREE 10 INITRANS 2 MAXTRANS 255 COMPUTE STATISTICS 
  STORAGE(INITIAL 65536 NEXT 1048576 MINEXTENTS 1 MAXEXTENTS 2147483645
  PCTINCREASE 0 FREELISTS 1 FREELIST GROUPS 1
  BUFFER_POOL DEFAULT FLASH_CACHE DEFAULT CELL_FLASH_CACHE DEFAULT)
  TABLESPACE "USERS" ;
--------------------------------------------------------
--  DDL for Index PK_TAREA
--------------------------------------------------------

  CREATE UNIQUE INDEX "TESTSEC"."PK_TAREA" ON "TESTSEC"."TAREA" ("ID_TAREA") 
  PCTFREE 10 INITRANS 2 MAXTRANS 255 COMPUTE STATISTICS 
  STORAGE(INITIAL 65536 NEXT 1048576 MINEXTENTS 1 MAXEXTENTS 2147483645
  PCTINCREASE 0 FREELISTS 1 FREELIST GROUPS 1
  BUFFER_POOL DEFAULT FLASH_CACHE DEFAULT CELL_FLASH_CACHE DEFAULT)
  TABLESPACE "USERS" ;
--------------------------------------------------------
--  DDL for Index PK_USUARIO
--------------------------------------------------------

  CREATE UNIQUE INDEX "TESTSEC"."PK_USUARIO" ON "TESTSEC"."USUARIO" ("ID_USUARIO") 
  PCTFREE 10 INITRANS 2 MAXTRANS 255 COMPUTE STATISTICS 
  STORAGE(INITIAL 65536 NEXT 1048576 MINEXTENTS 1 MAXEXTENTS 2147483645
  PCTINCREASE 0 FREELISTS 1 FREELIST GROUPS 1
  BUFFER_POOL DEFAULT FLASH_CACHE DEFAULT CELL_FLASH_CACHE DEFAULT)
  TABLESPACE "USERS" ;
--------------------------------------------------------
--  DDL for Index PK_VISITA
--------------------------------------------------------

  CREATE UNIQUE INDEX "TESTSEC"."PK_VISITA" ON "TESTSEC"."VISITA" ("ID_VISITA") 
  PCTFREE 10 INITRANS 2 MAXTRANS 255 COMPUTE STATISTICS 
  STORAGE(INITIAL 65536 NEXT 1048576 MINEXTENTS 1 MAXEXTENTS 2147483645
  PCTINCREASE 0 FREELISTS 1 FREELIST GROUPS 1
  BUFFER_POOL DEFAULT FLASH_CACHE DEFAULT CELL_FLASH_CACHE DEFAULT)
  TABLESPACE "USERS" ;
--------------------------------------------------------
--  DDL for Index PLANIFICAN_FK
--------------------------------------------------------

  CREATE INDEX "TESTSEC"."PLANIFICAN_FK" ON "TESTSEC"."VISITA" ("ID_ASESORIA") 
  PCTFREE 10 INITRANS 2 MAXTRANS 255 COMPUTE STATISTICS 
  STORAGE(INITIAL 65536 NEXT 1048576 MINEXTENTS 1 MAXEXTENTS 2147483645
  PCTINCREASE 0 FREELISTS 1 FREELIST GROUPS 1
  BUFFER_POOL DEFAULT FLASH_CACHE DEFAULT CELL_FLASH_CACHE DEFAULT)
  TABLESPACE "USERS" ;
--------------------------------------------------------
--  DDL for Index REPORTA_FK
--------------------------------------------------------

  CREATE INDEX "TESTSEC"."REPORTA_FK" ON "TESTSEC"."ACCIDENTE" ("ID_CLIENTE") 
  PCTFREE 10 INITRANS 2 MAXTRANS 255 COMPUTE STATISTICS 
  STORAGE(INITIAL 65536 NEXT 1048576 MINEXTENTS 1 MAXEXTENTS 2147483645
  PCTINCREASE 0 FREELISTS 1 FREELIST GROUPS 1
  BUFFER_POOL DEFAULT FLASH_CACHE DEFAULT CELL_FLASH_CACHE DEFAULT)
  TABLESPACE "USERS" ;
--------------------------------------------------------
--  DDL for Index SOLICITA_FK
--------------------------------------------------------

  CREATE INDEX "TESTSEC"."SOLICITA_FK" ON "TESTSEC"."ASESORIA" ("ID_CLIENTE") 
  PCTFREE 10 INITRANS 2 MAXTRANS 255 COMPUTE STATISTICS 
  STORAGE(INITIAL 65536 NEXT 1048576 MINEXTENTS 1 MAXEXTENTS 2147483645
  PCTINCREASE 0 FREELISTS 1 FREELIST GROUPS 1
  BUFFER_POOL DEFAULT FLASH_CACHE DEFAULT CELL_FLASH_CACHE DEFAULT)
  TABLESPACE "USERS" ;
--------------------------------------------------------
--  DDL for Index TIENEN_FK
--------------------------------------------------------

  CREATE INDEX "TESTSEC"."TIENEN_FK" ON "TESTSEC"."CHECKLIST" ("ID_CLIENTE") 
  PCTFREE 10 INITRANS 2 MAXTRANS 255 COMPUTE STATISTICS 
  STORAGE(INITIAL 65536 NEXT 1048576 MINEXTENTS 1 MAXEXTENTS 2147483645
  PCTINCREASE 0 FREELISTS 1 FREELIST GROUPS 1
  BUFFER_POOL DEFAULT FLASH_CACHE DEFAULT CELL_FLASH_CACHE DEFAULT)
  TABLESPACE "USERS" ;
--------------------------------------------------------
--  DDL for Trigger ACCIDENTE_TRG
--------------------------------------------------------

  CREATE OR REPLACE NONEDITIONABLE TRIGGER "TESTSEC"."ACCIDENTE_TRG" 
BEFORE INSERT ON ACCIDENTE 
FOR EACH ROW 
BEGIN
  <<COLUMN_SEQUENCES>>
  BEGIN
    IF INSERTING AND :NEW.ID_ACCIDENTE IS NULL THEN
      SELECT ACCIDENTE_SEQ1.NEXTVAL INTO :NEW.ID_ACCIDENTE FROM SYS.DUAL;
    END IF;
  END COLUMN_SEQUENCES;
END;

/
ALTER TRIGGER "TESTSEC"."ACCIDENTE_TRG" ENABLE;
--------------------------------------------------------
--  DDL for Trigger ACTIVIDAD_DE_MEJORA_TRG
--------------------------------------------------------

  CREATE OR REPLACE NONEDITIONABLE TRIGGER "TESTSEC"."ACTIVIDAD_DE_MEJORA_TRG" 
BEFORE INSERT ON ACTIVIDAD_DE_MEJORA 
FOR EACH ROW 
BEGIN
  <<COLUMN_SEQUENCES>>
  BEGIN
    IF INSERTING AND :NEW.ID_ACTIVIDAD IS NULL THEN
      SELECT ACTIVIDAD_DE_MEJORA_SEQ1.NEXTVAL INTO :NEW.ID_ACTIVIDAD FROM SYS.DUAL;
    END IF;
  END COLUMN_SEQUENCES;
END;

/
ALTER TRIGGER "TESTSEC"."ACTIVIDAD_DE_MEJORA_TRG" ENABLE;
--------------------------------------------------------
--  DDL for Trigger ASESORIA_TRG
--------------------------------------------------------

  CREATE OR REPLACE NONEDITIONABLE TRIGGER "TESTSEC"."ASESORIA_TRG" 
BEFORE INSERT ON ASESORIA 
FOR EACH ROW 
BEGIN
  <<COLUMN_SEQUENCES>>
  BEGIN
    IF INSERTING AND :NEW.ID_ASESORIA IS NULL THEN
      SELECT ASESORIA_SEQ1.NEXTVAL INTO :NEW.ID_ASESORIA FROM SYS.DUAL;
    END IF;
  END COLUMN_SEQUENCES;
END;

/
ALTER TRIGGER "TESTSEC"."ASESORIA_TRG" ENABLE;
--------------------------------------------------------
--  DDL for Trigger CAPACITACION_TRG
--------------------------------------------------------

  CREATE OR REPLACE NONEDITIONABLE TRIGGER "TESTSEC"."CAPACITACION_TRG" 
BEFORE INSERT ON CAPACITACION 
FOR EACH ROW 
BEGIN
  <<COLUMN_SEQUENCES>>
  BEGIN
    IF INSERTING AND :NEW.ID_CAPACITACION IS NULL THEN
      SELECT CAPACITACION_SEQ1.NEXTVAL INTO :NEW.ID_CAPACITACION FROM SYS.DUAL;
    END IF;
  END COLUMN_SEQUENCES;
END;

/
ALTER TRIGGER "TESTSEC"."CAPACITACION_TRG" ENABLE;
--------------------------------------------------------
--  DDL for Trigger CHECKLIST_TRG
--------------------------------------------------------

  CREATE OR REPLACE NONEDITIONABLE TRIGGER "TESTSEC"."CHECKLIST_TRG" 
BEFORE INSERT ON CHECKLIST 
FOR EACH ROW 
BEGIN
  <<COLUMN_SEQUENCES>>
  BEGIN
    IF INSERTING AND :NEW.ID_CHECKLIST IS NULL THEN
      SELECT CHECKLIST_SEQ1.NEXTVAL INTO :NEW.ID_CHECKLIST FROM SYS.DUAL;
    END IF;
  END COLUMN_SEQUENCES;
END;

/
ALTER TRIGGER "TESTSEC"."CHECKLIST_TRG" ENABLE;
--------------------------------------------------------
--  DDL for Trigger CLIENTE_TRG
--------------------------------------------------------

  CREATE OR REPLACE NONEDITIONABLE TRIGGER "TESTSEC"."CLIENTE_TRG" 
BEFORE INSERT ON CLIENTE 
FOR EACH ROW 
BEGIN
  <<COLUMN_SEQUENCES>>
  BEGIN
    IF INSERTING AND :NEW.ID_CLIENTE IS NULL THEN
      SELECT CLIENTE_SEQ1.NEXTVAL INTO :NEW.ID_CLIENTE FROM SYS.DUAL;
    END IF;
  END COLUMN_SEQUENCES;
END;

/
ALTER TRIGGER "TESTSEC"."CLIENTE_TRG" ENABLE;
--------------------------------------------------------
--  DDL for Trigger COBRO_TRG
--------------------------------------------------------

  CREATE OR REPLACE NONEDITIONABLE TRIGGER "TESTSEC"."COBRO_TRG" 
BEFORE INSERT ON COBRO 
FOR EACH ROW 
BEGIN
  <<COLUMN_SEQUENCES>>
  BEGIN
    IF INSERTING AND :NEW.ID_PAGO IS NULL THEN
      SELECT COBRO_SEQ1.NEXTVAL INTO :NEW.ID_PAGO FROM SYS.DUAL;
    END IF;
  END COLUMN_SEQUENCES;
END;

/
ALTER TRIGGER "TESTSEC"."COBRO_TRG" ENABLE;
--------------------------------------------------------
--  DDL for Trigger ESTADO_TRG
--------------------------------------------------------

  CREATE OR REPLACE NONEDITIONABLE TRIGGER "TESTSEC"."ESTADO_TRG" 
BEFORE INSERT ON ESTADO 
FOR EACH ROW 
BEGIN
  <<COLUMN_SEQUENCES>>
  BEGIN
    IF INSERTING AND :NEW.ID_CHECKLIST IS NULL THEN
      SELECT ESTADO_SEQ1.NEXTVAL INTO :NEW.ID_CHECKLIST FROM SYS.DUAL;
    END IF;
  END COLUMN_SEQUENCES;
END;

/
ALTER TRIGGER "TESTSEC"."ESTADO_TRG" ENABLE;
--------------------------------------------------------
--  DDL for Trigger LOGUSUARIO_TRG
--------------------------------------------------------

  CREATE OR REPLACE NONEDITIONABLE TRIGGER "TESTSEC"."LOGUSUARIO_TRG" 
BEFORE INSERT ON LOGUSUARIO 
FOR EACH ROW 
BEGIN
  <<COLUMN_SEQUENCES>>
  BEGIN
    IF INSERTING AND :NEW.ID_ASESORIA IS NULL THEN
      SELECT LOGUSUARIO_SEQ1.NEXTVAL INTO :NEW.ID_ASESORIA FROM SYS.DUAL;
    END IF;
  END COLUMN_SEQUENCES;
END;

/
ALTER TRIGGER "TESTSEC"."LOGUSUARIO_TRG" ENABLE;
--------------------------------------------------------
--  DDL for Trigger PROFESIONAL_TRG
--------------------------------------------------------

  CREATE OR REPLACE NONEDITIONABLE TRIGGER "TESTSEC"."PROFESIONAL_TRG" 
BEFORE INSERT ON PROFESIONAL 
FOR EACH ROW 
BEGIN
  <<COLUMN_SEQUENCES>>
  BEGIN
    IF INSERTING AND :NEW.ID_PROFESIONAL IS NULL THEN
      SELECT PROFESIONAL_SEQ1.NEXTVAL INTO :NEW.ID_PROFESIONAL FROM SYS.DUAL;
    END IF;
  END COLUMN_SEQUENCES;
END;

/
ALTER TRIGGER "TESTSEC"."PROFESIONAL_TRG" ENABLE;
--------------------------------------------------------
--  DDL for Trigger TAREA_TRG
--------------------------------------------------------

  CREATE OR REPLACE NONEDITIONABLE TRIGGER "TESTSEC"."TAREA_TRG" 
BEFORE INSERT ON TAREA 
FOR EACH ROW 
BEGIN
  <<COLUMN_SEQUENCES>>
  BEGIN
    IF INSERTING AND :NEW.ID_TAREA IS NULL THEN
      SELECT TAREA_SEQ1.NEXTVAL INTO :NEW.ID_TAREA FROM SYS.DUAL;
    END IF;
  END COLUMN_SEQUENCES;
END;

/
ALTER TRIGGER "TESTSEC"."TAREA_TRG" ENABLE;
--------------------------------------------------------
--  DDL for Trigger USUARIO_TRG
--------------------------------------------------------

  CREATE OR REPLACE NONEDITIONABLE TRIGGER "TESTSEC"."USUARIO_TRG" 
BEFORE INSERT ON USUARIO 
FOR EACH ROW 
BEGIN
  <<COLUMN_SEQUENCES>>
  BEGIN
    IF INSERTING AND :NEW.ID_USUARIO IS NULL THEN
      SELECT USUARIO_SEQ.NEXTVAL INTO :NEW.ID_USUARIO FROM SYS.DUAL;
    END IF;
  END COLUMN_SEQUENCES;
END;

/
ALTER TRIGGER "TESTSEC"."USUARIO_TRG" ENABLE;
--------------------------------------------------------
--  DDL for Trigger VISITA_TRG
--------------------------------------------------------

  CREATE OR REPLACE NONEDITIONABLE TRIGGER "TESTSEC"."VISITA_TRG" 
BEFORE INSERT ON VISITA 
FOR EACH ROW 
BEGIN
  <<COLUMN_SEQUENCES>>
  BEGIN
    IF INSERTING AND :NEW.ID_VISITA IS NULL THEN
      SELECT VISITA_SEQ1.NEXTVAL INTO :NEW.ID_VISITA FROM SYS.DUAL;
    END IF;
  END COLUMN_SEQUENCES;
END;

/
ALTER TRIGGER "TESTSEC"."VISITA_TRG" ENABLE;
--------------------------------------------------------
--  DDL for Package PDTYPES
--------------------------------------------------------

  CREATE OR REPLACE NONEDITIONABLE PACKAGE "TESTSEC"."PDTYPES" 
as
    TYPE ref_cursor IS REF CURSOR;
end;

-- Integrity package declaration
create or replace package IntegrityPackage AS
 procedure InitNestLevel;
 function GetNestLevel return number;
 procedure NextNestLevel;
 procedure PreviousNestLevel;
 end IntegrityPackage;

/
--------------------------------------------------------
--  DDL for Package Body INTEGRITYPACKAGE
--------------------------------------------------------

  CREATE OR REPLACE NONEDITIONABLE PACKAGE BODY "TESTSEC"."INTEGRITYPACKAGE" AS
 NestLevel number;

-- Procedure to initialize the trigger nest level
 procedure InitNestLevel is
 begin
 NestLevel := 0;
 end;


-- Function to return the trigger nest level
 function GetNestLevel return number is
 begin
 if NestLevel is null then
     NestLevel := 0;
 end if;
 return(NestLevel);
 end;

-- Procedure to increase the trigger nest level
 procedure NextNestLevel is
 begin
 if NestLevel is null then
     NestLevel := 0;
 end if;
 NestLevel := NestLevel + 1;
 end;

-- Procedure to decrease the trigger nest level
 procedure PreviousNestLevel is
 begin
 NestLevel := NestLevel - 1;
 end;

 end IntegrityPackage;

/
--------------------------------------------------------
--  Constraints for Table ACCIDENTE
--------------------------------------------------------

  ALTER TABLE "TESTSEC"."ACCIDENTE" MODIFY ("ID_ACCIDENTE" NOT NULL ENABLE);
  ALTER TABLE "TESTSEC"."ACCIDENTE" MODIFY ("ID_CLIENTE" NOT NULL ENABLE);
  ALTER TABLE "TESTSEC"."ACCIDENTE" MODIFY ("FECHA_ACCIDENTE" NOT NULL ENABLE);
  ALTER TABLE "TESTSEC"."ACCIDENTE" MODIFY ("INVOLUCRADO" NOT NULL ENABLE);
  ALTER TABLE "TESTSEC"."ACCIDENTE" MODIFY ("LUGAR" NOT NULL ENABLE);
  ALTER TABLE "TESTSEC"."ACCIDENTE" MODIFY ("ACTIVIDAD" NOT NULL ENABLE);
  ALTER TABLE "TESTSEC"."ACCIDENTE" MODIFY ("DESCRIPCION" NOT NULL ENABLE);
  ALTER TABLE "TESTSEC"."ACCIDENTE" ADD CONSTRAINT "PK_ACCIDENTE" PRIMARY KEY ("ID_ACCIDENTE")
  USING INDEX PCTFREE 10 INITRANS 2 MAXTRANS 255 COMPUTE STATISTICS 
  STORAGE(INITIAL 65536 NEXT 1048576 MINEXTENTS 1 MAXEXTENTS 2147483645
  PCTINCREASE 0 FREELISTS 1 FREELIST GROUPS 1
  BUFFER_POOL DEFAULT FLASH_CACHE DEFAULT CELL_FLASH_CACHE DEFAULT)
  TABLESPACE "USERS"  ENABLE;
--------------------------------------------------------
--  Constraints for Table ACTIVIDAD_DE_MEJORA
--------------------------------------------------------

  ALTER TABLE "TESTSEC"."ACTIVIDAD_DE_MEJORA" MODIFY ("ID_ACTIVIDAD" NOT NULL ENABLE);
  ALTER TABLE "TESTSEC"."ACTIVIDAD_DE_MEJORA" MODIFY ("REALIZADO" NOT NULL ENABLE);
  ALTER TABLE "TESTSEC"."ACTIVIDAD_DE_MEJORA" MODIFY ("DETALLE_ACTIVIDAD" NOT NULL ENABLE);
  ALTER TABLE "TESTSEC"."ACTIVIDAD_DE_MEJORA" ADD CONSTRAINT "PK_ACTIVIDAD_DE_MEJORA" PRIMARY KEY ("ID_ACTIVIDAD")
  USING INDEX PCTFREE 10 INITRANS 2 MAXTRANS 255 COMPUTE STATISTICS 
  STORAGE(INITIAL 65536 NEXT 1048576 MINEXTENTS 1 MAXEXTENTS 2147483645
  PCTINCREASE 0 FREELISTS 1 FREELIST GROUPS 1
  BUFFER_POOL DEFAULT FLASH_CACHE DEFAULT CELL_FLASH_CACHE DEFAULT)
  TABLESPACE "USERS"  ENABLE;
--------------------------------------------------------
--  Constraints for Table ASESORIA
--------------------------------------------------------

  ALTER TABLE "TESTSEC"."ASESORIA" MODIFY ("ID_ASESORIA" NOT NULL ENABLE);
  ALTER TABLE "TESTSEC"."ASESORIA" MODIFY ("ID_CLIENTE" NOT NULL ENABLE);
  ALTER TABLE "TESTSEC"."ASESORIA" MODIFY ("FECHA_SOLICITUD" NOT NULL ENABLE);
  ALTER TABLE "TESTSEC"."ASESORIA" MODIFY ("ESTADO_ASESORIA" NOT NULL ENABLE);
  ALTER TABLE "TESTSEC"."ASESORIA" ADD CONSTRAINT "PK_ASESORIA" PRIMARY KEY ("ID_ASESORIA")
  USING INDEX PCTFREE 10 INITRANS 2 MAXTRANS 255 COMPUTE STATISTICS 
  STORAGE(INITIAL 65536 NEXT 1048576 MINEXTENTS 1 MAXEXTENTS 2147483645
  PCTINCREASE 0 FREELISTS 1 FREELIST GROUPS 1
  BUFFER_POOL DEFAULT FLASH_CACHE DEFAULT CELL_FLASH_CACHE DEFAULT)
  TABLESPACE "USERS"  ENABLE;
--------------------------------------------------------
--  Constraints for Table CAPACITACION
--------------------------------------------------------

  ALTER TABLE "TESTSEC"."CAPACITACION" MODIFY ("ID_CAPACITACION" NOT NULL ENABLE);
  ALTER TABLE "TESTSEC"."CAPACITACION" MODIFY ("PARTICIPANTES" NOT NULL ENABLE);
  ALTER TABLE "TESTSEC"."CAPACITACION" MODIFY ("TEMA" NOT NULL ENABLE);
  ALTER TABLE "TESTSEC"."CAPACITACION" MODIFY ("FECHA_CAPACITACION" NOT NULL ENABLE);
  ALTER TABLE "TESTSEC"."CAPACITACION" ADD CONSTRAINT "PK_CAPACITACION" PRIMARY KEY ("ID_CAPACITACION")
  USING INDEX PCTFREE 10 INITRANS 2 MAXTRANS 255 COMPUTE STATISTICS 
  STORAGE(INITIAL 65536 NEXT 1048576 MINEXTENTS 1 MAXEXTENTS 2147483645
  PCTINCREASE 0 FREELISTS 1 FREELIST GROUPS 1
  BUFFER_POOL DEFAULT FLASH_CACHE DEFAULT CELL_FLASH_CACHE DEFAULT)
  TABLESPACE "USERS"  ENABLE;
--------------------------------------------------------
--  Constraints for Table CHECKLIST
--------------------------------------------------------

  ALTER TABLE "TESTSEC"."CHECKLIST" MODIFY ("ID_CHECKLIST" NOT NULL ENABLE);
  ALTER TABLE "TESTSEC"."CHECKLIST" MODIFY ("FECHA_CREACION" NOT NULL ENABLE);
  ALTER TABLE "TESTSEC"."CHECKLIST" ADD CONSTRAINT "PK_CHECKLIST" PRIMARY KEY ("ID_CHECKLIST")
  USING INDEX PCTFREE 10 INITRANS 2 MAXTRANS 255 COMPUTE STATISTICS 
  STORAGE(INITIAL 65536 NEXT 1048576 MINEXTENTS 1 MAXEXTENTS 2147483645
  PCTINCREASE 0 FREELISTS 1 FREELIST GROUPS 1
  BUFFER_POOL DEFAULT FLASH_CACHE DEFAULT CELL_FLASH_CACHE DEFAULT)
  TABLESPACE "USERS"  ENABLE;
--------------------------------------------------------
--  Constraints for Table CLIENTE
--------------------------------------------------------

  ALTER TABLE "TESTSEC"."CLIENTE" MODIFY ("ID_CLIENTE" NOT NULL ENABLE);
  ALTER TABLE "TESTSEC"."CLIENTE" MODIFY ("RAZON_SOCIAL" NOT NULL ENABLE);
  ALTER TABLE "TESTSEC"."CLIENTE" MODIFY ("RUT_EMPRESA" NOT NULL ENABLE);
  ALTER TABLE "TESTSEC"."CLIENTE" MODIFY ("GIRO" NOT NULL ENABLE);
  ALTER TABLE "TESTSEC"."CLIENTE" MODIFY ("DIRECCION" NOT NULL ENABLE);
  ALTER TABLE "TESTSEC"."CLIENTE" MODIFY ("FONO_CONTACTO" NOT NULL ENABLE);
  ALTER TABLE "TESTSEC"."CLIENTE" MODIFY ("REPRESENTANTE_LEGAL" NOT NULL ENABLE);
  ALTER TABLE "TESTSEC"."CLIENTE" MODIFY ("CONTACTO" NOT NULL ENABLE);
  ALTER TABLE "TESTSEC"."CLIENTE" MODIFY ("EMAIL_CONTACTO" NOT NULL ENABLE);
  ALTER TABLE "TESTSEC"."CLIENTE" ADD CONSTRAINT "PK_CLIENTE" PRIMARY KEY ("ID_CLIENTE")
  USING INDEX PCTFREE 10 INITRANS 2 MAXTRANS 255 COMPUTE STATISTICS 
  STORAGE(INITIAL 65536 NEXT 1048576 MINEXTENTS 1 MAXEXTENTS 2147483645
  PCTINCREASE 0 FREELISTS 1 FREELIST GROUPS 1
  BUFFER_POOL DEFAULT FLASH_CACHE DEFAULT CELL_FLASH_CACHE DEFAULT)
  TABLESPACE "USERS"  ENABLE;
--------------------------------------------------------
--  Constraints for Table COBRO
--------------------------------------------------------

  ALTER TABLE "TESTSEC"."COBRO" MODIFY ("ID_PAGO" NOT NULL ENABLE);
  ALTER TABLE "TESTSEC"."COBRO" MODIFY ("ID_CLIENTE" NOT NULL ENABLE);
  ALTER TABLE "TESTSEC"."COBRO" MODIFY ("N_FACTURA" NOT NULL ENABLE);
  ALTER TABLE "TESTSEC"."COBRO" MODIFY ("FECHA_LIMITE" NOT NULL ENABLE);
  ALTER TABLE "TESTSEC"."COBRO" ADD CONSTRAINT "PK_COBRO" PRIMARY KEY ("ID_PAGO")
  USING INDEX PCTFREE 10 INITRANS 2 MAXTRANS 255 COMPUTE STATISTICS 
  STORAGE(INITIAL 65536 NEXT 1048576 MINEXTENTS 1 MAXEXTENTS 2147483645
  PCTINCREASE 0 FREELISTS 1 FREELIST GROUPS 1
  BUFFER_POOL DEFAULT FLASH_CACHE DEFAULT CELL_FLASH_CACHE DEFAULT)
  TABLESPACE "USERS"  ENABLE;
--------------------------------------------------------
--  Constraints for Table ESTADO
--------------------------------------------------------

  ALTER TABLE "TESTSEC"."ESTADO" MODIFY ("ID_CHECKLIST" NOT NULL ENABLE);
  ALTER TABLE "TESTSEC"."ESTADO" MODIFY ("ID_TAREA" NOT NULL ENABLE);
  ALTER TABLE "TESTSEC"."ESTADO" MODIFY ("COMPLETADO" NOT NULL ENABLE);
  ALTER TABLE "TESTSEC"."ESTADO" ADD CONSTRAINT "PK_ESTADO" PRIMARY KEY ("ID_CHECKLIST", "ID_TAREA")
  USING INDEX PCTFREE 10 INITRANS 2 MAXTRANS 255 COMPUTE STATISTICS 
  STORAGE(INITIAL 65536 NEXT 1048576 MINEXTENTS 1 MAXEXTENTS 2147483645
  PCTINCREASE 0 FREELISTS 1 FREELIST GROUPS 1
  BUFFER_POOL DEFAULT FLASH_CACHE DEFAULT CELL_FLASH_CACHE DEFAULT)
  TABLESPACE "USERS"  ENABLE;
--------------------------------------------------------
--  Constraints for Table LOGUSUARIO
--------------------------------------------------------

  ALTER TABLE "TESTSEC"."LOGUSUARIO" MODIFY ("ID_ASESORIA" NOT NULL ENABLE);
  ALTER TABLE "TESTSEC"."LOGUSUARIO" MODIFY ("ID_USUARIO" NOT NULL ENABLE);
  ALTER TABLE "TESTSEC"."LOGUSUARIO" MODIFY ("FECHA" NOT NULL ENABLE);
  ALTER TABLE "TESTSEC"."LOGUSUARIO" ADD CONSTRAINT "PK_LOGUSUARIO" PRIMARY KEY ("ID_ASESORIA", "ID_USUARIO")
  USING INDEX PCTFREE 10 INITRANS 2 MAXTRANS 255 COMPUTE STATISTICS 
  TABLESPACE "USERS"  ENABLE;
--------------------------------------------------------
--  Constraints for Table PROFESIONAL
--------------------------------------------------------

  ALTER TABLE "TESTSEC"."PROFESIONAL" MODIFY ("ID_PROFESIONAL" NOT NULL ENABLE);
  ALTER TABLE "TESTSEC"."PROFESIONAL" MODIFY ("NOMBRE_PROFESIONAL" NOT NULL ENABLE);
  ALTER TABLE "TESTSEC"."PROFESIONAL" MODIFY ("RUT_PROFESIONAL" NOT NULL ENABLE);
  ALTER TABLE "TESTSEC"."PROFESIONAL" MODIFY ("TELEFONO_CORP" NOT NULL ENABLE);
  ALTER TABLE "TESTSEC"."PROFESIONAL" MODIFY ("EMAIL_CORP" NOT NULL ENABLE);
  ALTER TABLE "TESTSEC"."PROFESIONAL" ADD CONSTRAINT "PK_PROFESIONAL" PRIMARY KEY ("ID_PROFESIONAL")
  USING INDEX PCTFREE 10 INITRANS 2 MAXTRANS 255 COMPUTE STATISTICS 
  STORAGE(INITIAL 65536 NEXT 1048576 MINEXTENTS 1 MAXEXTENTS 2147483645
  PCTINCREASE 0 FREELISTS 1 FREELIST GROUPS 1
  BUFFER_POOL DEFAULT FLASH_CACHE DEFAULT CELL_FLASH_CACHE DEFAULT)
  TABLESPACE "USERS"  ENABLE;
--------------------------------------------------------
--  Constraints for Table TAREA
--------------------------------------------------------

  ALTER TABLE "TESTSEC"."TAREA" MODIFY ("ID_TAREA" NOT NULL ENABLE);
  ALTER TABLE "TESTSEC"."TAREA" MODIFY ("NOMBRE" NOT NULL ENABLE);
  ALTER TABLE "TESTSEC"."TAREA" ADD CONSTRAINT "PK_TAREA" PRIMARY KEY ("ID_TAREA")
  USING INDEX PCTFREE 10 INITRANS 2 MAXTRANS 255 COMPUTE STATISTICS 
  STORAGE(INITIAL 65536 NEXT 1048576 MINEXTENTS 1 MAXEXTENTS 2147483645
  PCTINCREASE 0 FREELISTS 1 FREELIST GROUPS 1
  BUFFER_POOL DEFAULT FLASH_CACHE DEFAULT CELL_FLASH_CACHE DEFAULT)
  TABLESPACE "USERS"  ENABLE;
--------------------------------------------------------
--  Constraints for Table USUARIO
--------------------------------------------------------

  ALTER TABLE "TESTSEC"."USUARIO" MODIFY ("ID_USUARIO" NOT NULL ENABLE);
  ALTER TABLE "TESTSEC"."USUARIO" MODIFY ("TIPO" NOT NULL ENABLE);
  ALTER TABLE "TESTSEC"."USUARIO" MODIFY ("USUARIO" NOT NULL ENABLE);
  ALTER TABLE "TESTSEC"."USUARIO" MODIFY ("PASSWORD" NOT NULL ENABLE);
  ALTER TABLE "TESTSEC"."USUARIO" ADD CONSTRAINT "PK_USUARIO" PRIMARY KEY ("ID_USUARIO")
  USING INDEX PCTFREE 10 INITRANS 2 MAXTRANS 255 COMPUTE STATISTICS 
  STORAGE(INITIAL 65536 NEXT 1048576 MINEXTENTS 1 MAXEXTENTS 2147483645
  PCTINCREASE 0 FREELISTS 1 FREELIST GROUPS 1
  BUFFER_POOL DEFAULT FLASH_CACHE DEFAULT CELL_FLASH_CACHE DEFAULT)
  TABLESPACE "USERS"  ENABLE;
--------------------------------------------------------
--  Constraints for Table VISITA
--------------------------------------------------------

  ALTER TABLE "TESTSEC"."VISITA" MODIFY ("ID_VISITA" NOT NULL ENABLE);
  ALTER TABLE "TESTSEC"."VISITA" MODIFY ("FECHA_VISITA" NOT NULL ENABLE);
  ALTER TABLE "TESTSEC"."VISITA" ADD CONSTRAINT "PK_VISITA" PRIMARY KEY ("ID_VISITA")
  USING INDEX PCTFREE 10 INITRANS 2 MAXTRANS 255 COMPUTE STATISTICS 
  STORAGE(INITIAL 65536 NEXT 1048576 MINEXTENTS 1 MAXEXTENTS 2147483645
  PCTINCREASE 0 FREELISTS 1 FREELIST GROUPS 1
  BUFFER_POOL DEFAULT FLASH_CACHE DEFAULT CELL_FLASH_CACHE DEFAULT)
  TABLESPACE "USERS"  ENABLE;
--------------------------------------------------------
--  Ref Constraints for Table ACCIDENTE
--------------------------------------------------------

  ALTER TABLE "TESTSEC"."ACCIDENTE" ADD CONSTRAINT "FK_ACCIDENT_REPORTA_CLIENTE" FOREIGN KEY ("ID_CLIENTE")
	  REFERENCES "TESTSEC"."CLIENTE" ("ID_CLIENTE") ENABLE;
--------------------------------------------------------
--  Ref Constraints for Table ACTIVIDAD_DE_MEJORA
--------------------------------------------------------

  ALTER TABLE "TESTSEC"."ACTIVIDAD_DE_MEJORA" ADD CONSTRAINT "FK_ACTIVIDA_DEPENDEN_ASESORIA" FOREIGN KEY ("ID_ASESORIA")
	  REFERENCES "TESTSEC"."ASESORIA" ("ID_ASESORIA") ENABLE;
--------------------------------------------------------
--  Ref Constraints for Table ASESORIA
--------------------------------------------------------

  ALTER TABLE "TESTSEC"."ASESORIA" ADD CONSTRAINT "FK_ASESORIA_CREA_PROFESIO" FOREIGN KEY ("ID_PROFESIONAL")
	  REFERENCES "TESTSEC"."PROFESIONAL" ("ID_PROFESIONAL") ENABLE;
  ALTER TABLE "TESTSEC"."ASESORIA" ADD CONSTRAINT "FK_ASESORIA_SOLICITA_CLIENTE" FOREIGN KEY ("ID_CLIENTE")
	  REFERENCES "TESTSEC"."CLIENTE" ("ID_CLIENTE") ENABLE;
--------------------------------------------------------
--  Ref Constraints for Table CAPACITACION
--------------------------------------------------------

  ALTER TABLE "TESTSEC"."CAPACITACION" ADD CONSTRAINT "FK_CAPACITA_COORDINA_ACTIVIDA" FOREIGN KEY ("ID_ACTIVIDAD")
	  REFERENCES "TESTSEC"."ACTIVIDAD_DE_MEJORA" ("ID_ACTIVIDAD") ENABLE;
--------------------------------------------------------
--  Ref Constraints for Table CHECKLIST
--------------------------------------------------------

  ALTER TABLE "TESTSEC"."CHECKLIST" ADD CONSTRAINT "FK_CHECKLIS_TIENEN_CLIENTE" FOREIGN KEY ("ID_CLIENTE")
	  REFERENCES "TESTSEC"."CLIENTE" ("ID_CLIENTE") ENABLE;
--------------------------------------------------------
--  Ref Constraints for Table COBRO
--------------------------------------------------------

  ALTER TABLE "TESTSEC"."COBRO" ADD CONSTRAINT "FK_COBRO_EFECTUA_CLIENTE" FOREIGN KEY ("ID_CLIENTE")
	  REFERENCES "TESTSEC"."CLIENTE" ("ID_CLIENTE") ENABLE;
--------------------------------------------------------
--  Ref Constraints for Table ESTADO
--------------------------------------------------------

  ALTER TABLE "TESTSEC"."ESTADO" ADD CONSTRAINT "FK_ESTADO_ESTADO_CHECKLIS" FOREIGN KEY ("ID_CHECKLIST")
	  REFERENCES "TESTSEC"."CHECKLIST" ("ID_CHECKLIST") ENABLE;
  ALTER TABLE "TESTSEC"."ESTADO" ADD CONSTRAINT "FK_ESTADO_ESTADO2_TAREA" FOREIGN KEY ("ID_TAREA")
	  REFERENCES "TESTSEC"."TAREA" ("ID_TAREA") ENABLE;
--------------------------------------------------------
--  Ref Constraints for Table LOGUSUARIO
--------------------------------------------------------

  ALTER TABLE "TESTSEC"."LOGUSUARIO" ADD CONSTRAINT "FK_LOGUSUAR_LOGUSUARI_ASESORIA" FOREIGN KEY ("ID_ASESORIA")
	  REFERENCES "TESTSEC"."ASESORIA" ("ID_ASESORIA") ENABLE;
  ALTER TABLE "TESTSEC"."LOGUSUARIO" ADD CONSTRAINT "FK_LOGUSUAR_LOGUSUARI_USUARIO" FOREIGN KEY ("ID_USUARIO")
	  REFERENCES "TESTSEC"."USUARIO" ("ID_USUARIO") ENABLE;
--------------------------------------------------------
--  Ref Constraints for Table VISITA
--------------------------------------------------------

  ALTER TABLE "TESTSEC"."VISITA" ADD CONSTRAINT "FK_VISITA_PLANIFICA_ASESORIA" FOREIGN KEY ("ID_ASESORIA")
	  REFERENCES "TESTSEC"."ASESORIA" ("ID_ASESORIA") ENABLE;
